epoch_nbr,train_losses,train_mask_losses,val_losses,val_mask_losses
1,0.8533236218135506,0.5446575010742561,0.8278685662990961,0.5071522849492538
2,0.8145006889759256,0.4742483657616182,0.7901438489938394,0.4443829663288899
3,0.776247893844231,0.42464130931155264,0.7448538182637631,0.3986576344722357
