Epoch,Dice Loss,Stomach IoU,Large Bowel IoU,Small Bowel IoU
8,0.2378570758783829,0.6573551656817836,0.6029108317581788,0.5023261970784441
