Epoch,Dice Loss,Stomach IoU,Large Bowel IoU,Small Bowel IoU
8,0.2462431869063585,0.6458685261006262,0.5963099264388317,0.5020160377328464
9,0.2463208191526289,0.6535759728654089,0.6110774476266281,0.5294971000420867
7,0.2597311250462555,0.6457065019368415,0.5920361725981009,0.5057488159861587
